{"cameraMode":{"drawMode":0,"name":"Shaded","section":"Shading Mode"},"sceneLighting":false,"audioPlay":false,"sceneViewState":{"m_AlwaysRefresh":false,"showFog":true,"showSkybox":false,"showFlares":true,"showImageEffects":true,"showParticleSystems":true,"showVisualEffectGraphs":true,"m_FxEnabled":true},"in2DMode":false,"pivot":{"x":-0.13181477785110475,"y":-0.00026744790375232697,"z":0.09640771150588989},"rotation":{"x":0.006874491460621357,"y":0.8535990715026856,"z":-0.011268188245594502,"w":0.5207634568214417},"size":1.2802997827529908,"orthographic":false}